<?xml version="1.0" encoding="UTF-8"?>
<beans xmlns="http://www.springframework.org/schema/beans"
	xmlns:xsi="http://www.w3.org/2001/XMLSchema-instance"
	xmlns:context="http://www.springframework.org/schema/context"
	xsi:schemaLocation="http://www.springframework.org/schema/beans
    http://www.springframework.org/schema/beans/spring-beans.xsd
    http://www.springframework.org/schema/context
    http://www.springframework.org/schema/context/spring-context.xsd">

	


	<bean id="data"
		class="org.springframework.jdbc.datasource.DriverManagerDataSource">
		<property name="driverClassName" value="com.mysql.cj.jdbc.Driver" />
		<property name="url" value="jdbc:mysql://localhost:3306/scm?autoReconnect=true&amp;useSSL=false" />
		<property name="username" value="root" />
		<property name="password" value="root" />
	</bean>

	<bean id="jdbcTemplate"
		class="org.springframework.jdbc.core.JdbcTemplate">
		<property name="dataSource" ref="data"></property>
	</bean>


	<bean id="customerRepo" class="Repository.CustomerRepoImpl">
		<constructor-arg index="0">
			<ref bean="jdbcTemplate"></ref>
		</constructor-arg>

	</bean>
	<bean id="customerService"	class="Service.CustomerServiceImpl">
		<constructor-arg index="0">
			<ref bean="customerRepo"></ref>
		</constructor-arg>
		</bean>


	<bean id="goodsRepo" class="Repository.GoodsRepoImpl">
		<constructor-arg index="0">
			<ref bean="jdbcTemplate"></ref>
		</constructor-arg>
	</bean>

	<bean id="goodsService" class="Service.GoodsServiceImpl">
		<constructor-arg index="0">
			<ref bean="goodsRepo"></ref>
		</constructor-arg>
	</bean>


	<bean id="supplierRepo" class="Repository.SupplierRepoImpl">
		<constructor-arg index="0">
			<ref bean="jdbcTemplate"></ref>
		</constructor-arg>
	</bean>

	<bean id="supplierService"
		class="Service.SupplierServiceImpl">
		<constructor-arg index="0">
			<ref bean="supplierRepo"></ref>
		</constructor-arg>

	</bean>

	<bean id="retailerRepo" class="Repository.RetailerRepoImpl">
	<constructor-arg index="0">
		<ref bean="jdbcTemplate"></ref>
	</constructor-arg>
	</bean>

	<bean id="retailerService" class="Service.RetailerServiceImpl">
	<constructor-arg index="0">
	<ref bean="retailerRepo"></ref>
	</constructor-arg>

	</bean>

</beans>